gameid,datacompleteness,url,league,year,split,playoffs,date,game,patch,participantid,side,position,playername,playerid,teamname,teamid,champion,ban1,ban2,ban3,ban4,ban5,gamelength,result,kills,deaths,assists,teamkills,teamdeaths,doublekills,triplekills,quadrakills,pentakills,firstblood,firstbloodkill,firstbloodassist,firstbloodvictim,team kpm,ckpm,firstdragon,dragons,opp_dragons,elementaldrakes,opp_elementaldrakes,infernals,mountains,clouds,oceans,chemtechs,hextechs,dragons (type unknown),elders,opp_elders,firstherald,heralds,opp_heralds,firstbaron,barons,opp_barons,firsttower,towers,opp_towers,firstmidtower,firsttothreetowers,turretplates,opp_turretplates,inhibitors,opp_inhibitors,damagetochampions,dpm,damageshare,damagetakenperminute,damagemitigatedperminute,wardsplaced,wpm,wardskilled,wcpm,controlwardsbought,visionscore,vspm,totalgold,earnedgold,earned gpm,earnedgoldshare,goldspent,gspd,total cs,minionkills,monsterkills,monsterkillsownjungle,monsterkillsenemyjungle,cspm,goldat10,xpat10,csat10,opp_goldat10,opp_xpat10,opp_csat10,golddiffat10,xpdiffat10,csdiffat10,killsat10,assistsat10,deathsat10,opp_killsat10,opp_assistsat10,opp_deathsat10,goldat15,xpat15,csat15,opp_goldat15,opp_xpat15,opp_csat15,golddiffat15,xpdiffat15,csdiffat15,killsat15,assistsat15,deathsat15,opp_killsat15,opp_assistsat15,opp_deathsat15
ESPORTSTMNT06_2753012,complete,,LFL2,2023,Spring,0,2023-01-10 17:07:16,1,13.01,1,Blue,top,Wylenz,oe:player:60aff1184bec1d2b2efdae84f5b6e3e,Klanik Esport,oe:team:0ade5e44c23039bca133eee58ec1b83,Jax,Sylas,Caitlyn,Wukong,Akali,Yone,2612,1,4,0,6,13,7,1,1,0,0,0,0,0,0,0.2986,0.4594,,,,,,,,,,,,,,,,,,,0,0,,,,,,,,1,0,14283,328.0934,0.150027,719.5406,878.9127,20,0.4594,5,0.1149,11,49,1.1256,18855,13251,304.3874,0.295868,15955,,399,367,32,,,9.1654,3163,4772,83,3087,4814,81,76,-42,2,0,0,0,0,0,0,5059,7946,143,4737,7683,131,322,263,12,0,0,0,0,0,0
ESPORTSTMNT06_2753012,complete,,LFL2,2023,Spring,0,2023-01-10 17:07:16,1,13.01,2,Blue,jng,Julbu,oe:player:fd78e127e45463dcfc2ea3836af0335,Klanik Esport,oe:team:0ade5e44c23039bca133eee58ec1b83,Poppy,Sylas,Caitlyn,Wukong,Akali,Yone,2612,1,2,2,4,13,7,0,0,0,0,0,0,0,0,0.2986,0.4594,,,,,,,,,,,,,,,,,,,1,0,,,,,,,,0,0,6219,142.8560,0.0653236,847.3047,1513.9663,18,0.4135,11,0.2527,17,61,1.4012,12082,6478,148.8055,0.14464,11675,,159,23,136,,,3.6524,3035,3302,54,2948,3140,66,87,162,-12,0,0,0,0,0,0,4325,4637,74,4682,5960,117,-357,-1323,-43,0,0,0,0,0,0
ESPORTSTMNT06_2753012,complete,,LFL2,2023,Spring,0,2023-01-10 17:07:16,1,13.01,3,Blue,mid,Sintax,oe:player:baf7147fedeec5de54ca1f240952a3f,Klanik Esport,oe:team:0ade5e44c23039bca133eee58ec1b83,Taliyah,Sylas,Caitlyn,Wukong,Akali,Yone,2612,1,2,2,11,13,7,0,0,0,0,0,0,0,0,0.2986,0.4594,,,,,,,,,,,,,,,,,,,0,0,,,,,,,,0,0,27028,620.8576,0.283899,365.3522,323.7289,23,0.5283,10,0.2297,7,49,1.1256,15722,10118,232.4196,0.225914,14525,,337,287,50,,,7.7412,3117,4927,85,3455,5174,103,-338,-247,-18,0,0,0,0,0,0,4956,7772,136,5435,8096,162,-479,-324,-26,0,0,0,0,0,0
ESPORTSTMNT06_2753012,complete,,LFL2,2023,Spring,0,2023-01-10 17:07:16,1,13.01,4,Blue,bot,Axelent,oe:player:8204ca38dc1c42012b5d53131271eb1,Klanik Esport,oe:team:0ade5e44c23039bca133eee58ec1b83,Ezreal,Sylas,Caitlyn,Wukong,Akali,Yone,2612,1,5,1,7,13,7,0,0,0,0,0,0,0,0,0.2986,0.4594,,,,,,,,,,,,,,,,,,,0,0,,,,,,,,1,0,42005,964.8928,0.441215,398.4533,234.3721,17,0.3905,6,0.1378,5,47,1.0796,17332,11728,269.4028,0.261862,15225,,370,345,25,,,8.4992,3344,3377,94,3015,2948,75,329,429,19,0,0,0,0,0,0,5217,5647,142,5017,5355,122,200,292,20,0,0,0,1,0,0
ESPORTSTMNT06_2753012,complete,,LFL2,2023,Spring,0,2023-01-10 17:07:16,1,13.01,5,Blue,sup,Wixo,oe:player:bb97cd2e43cb0855f6485e6f9e93ea2,Klanik Esport,oe:team:0ade5e44c23039bca133eee58ec1b83,Karma,Sylas,Caitlyn,Wukong,Akali,Yone,2612,1,0,2,10,13,7,0,0,0,0,0,0,0,1,0.2986,0.4594,,,,,,,,,,,,,,,,,,,0,0,,,,,,,,0,0,5668,130.1991,0.0595359,360.2757,284.1501,52,1.1945,8,0.1838,15,106,2.4349,8816,3212,73.7825,0.0717161,8125,,21,17,4,,,0.4824,1953,2367,1,2032,2825,3,-79,-458,-2,0,0,0,0,0,0,2827,3218,3,3043,3797,3,-216,-579,0,0,0,1,0,1,0
ESPORTSTMNT06_2753012,complete,,LFL2,2023,Spring,0,2023-01-10 17:07:16,1,13.01,6,Red,top,Anathar,oe:player:082439970ea1ebc85bde0b2a9ec147a,MS Company,oe:team:14ad76b8d9e647d4b29c3d26ecd29c9,Sejuani,Galio,Lucian,Fiora,Viktor,Azir,2612,0,0,4,3,7,13,0,0,0,0,0,0,0,0,0.1608,0.4594,,,,,,,,,,,,,,,,,,,0,0,,,,,,,,0,1,12010,275.8806,0.140743,987.5191,1430.5590,10,0.2297,9,0.2067,3,43,0.9877,11796,6192,142.2358,0.178315,12025,,264,264,0,,,6.0643,3087,4814,81,3163,4772,83,-76,42,-2,0,0,0,0,0,0,4737,7683,131,5059,7946,143,-322,-263,-12,0,0,0,0,0,0
ESPORTSTMNT06_2753012,complete,,LFL2,2023,Spring,0,2023-01-10 17:07:16,1,13.01,7,Red,jng,nicolaiy,oe:player:ae50e71f31d35aee5c589498e3c1b17,MS Company,oe:team:14ad76b8d9e647d4b29c3d26ecd29c9,Viego,Galio,Lucian,Fiora,Viktor,Azir,2612,0,0,2,4,7,13,0,0,0,0,0,0,0,0,0.1608,0.4594,,,,,,,,,,,,,,,,,,,0,1,,,,,,,,0,0,5910,135.7580,0.0692581,864.0965,1020.8729,7,0.1608,13,0.2986,7,57,1.3093,11711,6107,140.2833,0.175867,12150,,234,32,202,,,5.3752,2948,3140,66,3035,3302,54,-87,-162,12,0,0,0,0,0,0,4682,5960,117,4325,4637,74,357,1323,43,0,0,0,0,0,0
ESPORTSTMNT06_2753012,complete,,LFL2,2023,Spring,0,2023-01-10 17:07:16,1,13.01,8,Red,mid,Kuroneel,oe:player:79715a2d8a5dcfe07726c00e0f05433,MS Company,oe:team:14ad76b8d9e647d4b29c3d26ecd29c9,Syndra,Galio,Lucian,Fiora,Viktor,Azir,2612,0,3,3,3,7,13,0,0,0,0,0,0,0,0,0.1608,0.4594,,,,,,,,,,,,,,,,,,,0,0,,,,,,,,0,0,29151,669.6248,0.341615,420.3675,250.7963,15,0.3446,10,0.2297,2,62,1.4242,14129,8525,195.8270,0.245501,14050,,311,303,8,,,7.1440,3455,5174,103,3117,4927,85,338,247,18,0,0,0,0,0,0,5435,8096,162,4956,7772,136,479,324,26,0,0,0,0,0,0
ESPORTSTMNT06_2753012,complete,,LFL2,2023,Spring,0,2023-01-10 17:07:16,1,13.01,9,Red,bot,Scripter,oe:player:0a6393f4da3a7c67232807ef2a0a0d1,MS Company,oe:team:14ad76b8d9e647d4b29c3d26ecd29c9,Zeri,Galio,Lucian,Fiora,Viktor,Azir,2612,0,3,3,2,7,13,1,0,0,0,1,1,0,0,0.1608,0.4594,,,,,,,,,,,,,,,,,,,0,0,,,,,,,,0,1,22083,507.2665,0.258786,525.4364,677.7335,9,0.2067,16,0.3675,3,71,1.6309,16823,11219,257.7106,0.323083,15335,,411,403,8,,,9.4410,3015,2948,75,3344,3377,94,-329,-429,-19,0,0,0,0,0,0,5017,5355,122,5217,5647,142,-200,-292,-20,1,0,0,0,0,0
ESPORTSTMNT06_2753012,complete,,LFL2,2023,Spring,0,2023-01-10 17:07:16,1,13.01,10,Red,sup,Zimba,oe:player:451435072a48580d2b9f106c3552370,MS Company,oe:team:14ad76b8d9e647d4b29c3d26ecd29c9,Yuumi,Galio,Lucian,Fiora,Viktor,Azir,2612,0,1,1,6,7,13,0,0,0,0,1,0,1,0,0.1608,0.4594,,,,,,,,,,,,,,,,,,,0,0,,,,,,,,0,0,16179,371.6462,0.189598,66.6845,45.0919,39,0.8959,1,0.0230,5,71,1.6309,8286,2682,61.6080,0.077234,7475,,6,6,0,,,0.1378,2032,2825,3,1953,2367,1,79,458,2,0,0,0,0,0,0,3043,3797,3,2827,3218,3,216,579,0,0,1,0,0,0,1
ESPORTSTMNT06_2753012,complete,,LFL2,2023,Spring,0,2023-01-10 17:07:16,1,13.01,100,Blue,team,,,Klanik Esport,oe:team:0ade5e44c23039bca133eee58ec1b83,,Sylas,Caitlyn,Wukong,Akali,Yone,2612,1,13,7,38,13,7,1,1,0,0,0,,,,0.2986,0.4594,0,4,3,4,3,0,0,0,4,0,0,,0,0,1,2,0,1,1,0,1,11,2,1,1,4,2,2,0,95203,2186.8989,,2690.9265,3235.1302,130,2.9862,40,0.9188,55,312,7.1669,72807,44787,1028.7979,,65505,0.0706496,,1039,247,,,29.5406,14612,18745,317,14537,18901,328,75,-156,-11,0,0,0,0,0,0,22384,29220,498,22914,30891,535,-530,-1671,-37,0,0,1,1,1,0
ESPORTSTMNT06_2753012,complete,,LFL2,2023,Spring,0,2023-01-10 17:07:16,1,13.01,200,Red,team,,,MS Company,oe:team:14ad76b8d9e647d4b29c3d26ecd29c9,,Galio,Lucian,Fiora,Viktor,Azir,2612,0,7,13,18,7,13,1,0,0,0,1,,,,0.1608,0.4594,1,3,4,3,4,1,0,0,1,0,1,,0,0,0,0,2,0,0,1,0,2,11,0,0,2,4,0,2,85333,1960.1761,,2864.1041,3425.0536,80,1.8377,49,1.1256,20,304,6.9832,62745,34725,797.6646,,61035,-0.0706496,,1008,218,,,28.1623,14537,18901,328,14612,18745,317,-75,156,11,0,0,0,0,0,0,22914,30891,535,22384,29220,498,530,1671,37,1,1,0,0,0,1
ESPORTSTMNT06_2754023,complete,,LFL2,2023,Spring,0,2023-01-10 18:15:01,1,13.01,1,Blue,top,S0bek,oe:player:df8fa3965e69354bc69e3d54d4c53b7,beGenius ESC,oe:team:607baf04091e515e195644cb08ec21c,K'Sante,Fiora,Kindred,Sejuani,Nautilus,Leona,2436,0,3,1,5,20,16,1,0,0,0,0,0,0,0,0.4926,0.8867,,,,,,,,,,,,,,,,,,,0,0,,,,,,,,0,2,20771,511.6010,0.194985,493.5222,1108.8424,9,0.2217,7,0.1724,4,32,0.7882,16027,10782,265.5665,0.198191,15500,,313,311,2,,,7.7094,3539,5127,92,3474,4865,93,65,262,-1,0,0,0,0,0,0,5307,8148,143,5400,7677,145,-93,471,-2,0,0,0,0,0,0
ESPORTSTMNT06_2754023,complete,,LFL2,2023,Spring,0,2023-01-10 18:15:01,1,13.01,2,Blue,jng,Stormax,oe:player:9bfbc1a85ea2cd4841d627f76a12704,beGenius ESC,oe:team:607baf04091e515e195644cb08ec21c,Xin Zhao,Fiora,Kindred,Sejuani,Nautilus,Leona,2436,0,2,3,9,20,16,0,0,0,0,0,0,0,0,0.4926,0.8867,,,,,,,,,,,,,,,,,,,2,1,,,,,,,,0,0,14352,353.4975,0.134728,763.5961,1128.3251,18,0.4433,20,0.4926,18,72,1.7734,14237,8992,221.4778,0.165288,13050,,214,37,177,,,5.2709,3472,3240,62,3158,3255,62,314,-15,0,1,0,0,0,2,1,5328,5275,91,4408,4984,87,920,291,4,1,2,0,0,2,2
ESPORTSTMNT06_2754023,complete,,LFL2,2023,Spring,0,2023-01-10 18:15:01,1,13.01,3,Blue,mid,FrostSize,oe:player:49343d8bffb6a94331b5709eab8767b,beGenius ESC,oe:team:607baf04091e515e195644cb08ec21c,Ryze,Fiora,Kindred,Sejuani,Nautilus,Leona,2436,0,9,4,6,20,16,1,0,0,0,0,0,0,1,0.4926,0.8867,,,,,,,,,,,,,,,,,,,0,0,,,,,,,,0,0,34396,847.1921,0.322888,676.0837,694.7044,18,0.4433,8,0.1970,6,59,1.4532,20369,15124,372.5123,0.278005,17825,,415,383,32,,,10.2217,3367,5164,91,3621,4748,93,-254,416,-2,0,1,1,1,0,0,5354,8054,143,5605,7632,149,-251,422,-6,1,1,1,2,0,0
ESPORTSTMNT06_2754023,complete,,LFL2,2023,Spring,0,2023-01-10 18:15:01,1,13.01,4,Blue,bot,PiOk,oe:player:956b4d2f499b1d362f693f82b8e652b,beGenius ESC,oe:team:607baf04091e515e195644cb08ec21c,Lucian,Fiora,Kindred,Sejuani,Nautilus,Leona,2436,0,5,4,7,20,16,0,0,0,0,0,0,0,0,0.4926,0.8867,,,,,,,,,,,,,,,,,,,0,0,,,,,,,,0,1,28995,714.1626,0.272187,425.6158,321.2069,15,0.3695,11,0.2709,4,40,0.9852,19563,14318,352.6601,0.263189,18900,,383,369,14,,,9.4335,3573,3026,79,3877,3164,81,-304,-138,-2,1,0,0,1,0,0,5706,4847,118,5531,5692,129,175,-845,-11,2,0,1,1,1,0
ESPORTSTMNT06_2754023,complete,,LFL2,2023,Spring,0,2023-01-10 18:15:01,1,13.01,5,Blue,sup,Zaremba,oe:player:180d2472124a39343d6471d2d72c1c2,beGenius ESC,oe:team:607baf04091e515e195644cb08ec21c,Nami,Fiora,Kindred,Sejuani,Nautilus,Leona,2436,0,1,4,17,20,16,0,0,0,0,0,0,0,0,0.4926,0.8867,,,,,,,,,,,,,,,,,,,0,0,,,,,,,,0,0,8012,197.3399,0.0752117,316.9212,229.2857,59,1.4532,9,0.2217,17,95,2.3399,10431,5186,127.7340,0.095327,9525,,11,11,0,,,0.2709,2018,2563,0,2200,2806,17,-182,-243,-17,0,1,1,0,1,1,3076,3760,3,3154,3569,22,-78,191,-19,0,3,1,0,1,2
ESPORTSTMNT06_2754023,complete,,LFL2,2023,Spring,0,2023-01-10 18:15:01,1,13.01,6,Red,top,Twelve,oe:player:2fdfc5ad1faf4c7be33607689fcefcb,ViV Esport,oe:team:2d9e95ecefb34c32ff1a997ebe372f9,Gwen,Heimerdinger,Wukong,Akali,Syndra,Sylas,2436,1,6,4,1,16,20,1,0,0,0,0,0,0,0,0.3941,0.8867,,,,,,,,,,,,,,,,,,,0,0,,,,,,,,2,0,28702,706.9458,0.357132,1011.2069,989.8522,9,0.2217,6,0.1478,4,34,0.8374,19532,14287,351.8966,0.278913,18100,,393,357,36,,,9.6798,3474,4865,93,3539,5127,92,-65,-262,1,0,0,0,0,0,0,5400,7677,145,5307,8148,143,93,-471,2,0,0,0,0,0,0
ESPORTSTMNT06_2754023,complete,,LFL2,2023,Spring,0,2023-01-10 18:15:01,1,13.01,7,Red,jng,Joinze,oe:player:dbdc61a1c41acedcbc7d399727155ac,ViV Esport,oe:team:2d9e95ecefb34c32ff1a997ebe372f9,Vi,Heimerdinger,Wukong,Akali,Syndra,Sylas,2436,1,0,5,10,16,20,0,0,0,0,1,0,1,0,0.3941,0.8867,,,,,,,,,,,,,,,,,,,1,2,,,,,,,,0,0,5412,133.3005,0.0673402,665.9606,1230.4926,9,0.2217,16,0.3941,10,50,1.2315,11893,6648,163.7438,0.129783,11200,,186,27,159,,,4.5813,3158,3255,62,3472,3240,62,-314,15,0,0,2,1,1,0,0,4408,4984,87,5328,5275,91,-920,-291,-4,0,2,2,1,2,0
ESPORTSTMNT06_2754023,complete,,LFL2,2023,Spring,0,2023-01-10 18:15:01,1,13.01,8,Red,mid,Serendip,oe:player:4ff58ae301895bd4bbf88fa8fad2b75,ViV Esport,oe:team:2d9e95ecefb34c32ff1a997ebe372f9,Irelia,Heimerdinger,Wukong,Akali,Syndra,Sylas,2436,1,5,2,5,16,20,0,0,0,0,1,1,0,0,0.3941,0.8867,,,,,,,,,,,,,,,,,,,0,0,,,,,,,,0,0,17256,425.0246,0.214712,781.5517,1066.0345,24,0.5911,10,0.2463,11,63,1.5517,16630,11385,280.4187,0.222259,16375,,353,337,16,,,8.6946,3621,4748,93,3367,5164,91,254,-416,2,1,0,0,0,1,1,5605,7632,149,5354,8054,143,251,-422,6,2,0,0,1,1,1
ESPORTSTMNT06_2754023,complete,,LFL2,2023,Spring,0,2023-01-10 18:15:01,1,13.01,9,Red,bot,Caliste,oe:player:e2af2b779499aa25ab9a9c10c9a5ffd,ViV Esport,oe:team:2d9e95ecefb34c32ff1a997ebe372f9,Draven,Heimerdinger,Wukong,Akali,Syndra,Sylas,2436,1,4,2,5,16,20,0,0,0,0,0,0,0,0,0.3941,0.8867,,,,,,,,,,,,,,,,,,,0,0,,,,,,,,1,0,21281,524.1626,0.264794,480.5172,565.0985,15,0.3695,12,0.2956,0,55,1.3547,20103,14858,365.9606,0.29006,18450,,399,349,50,,,9.8276,3877,3164,81,3573,3026,79,304,138,2,1,0,0,1,0,0,5531,5692,129,5706,4847,118,-175,845,11,1,1,0,2,0,1
ESPORTSTMNT06_2754023,complete,,LFL2,2023,Spring,0,2023-01-10 18:15:01,1,13.01,10,Red,sup,XERSUS,oe:player:d7e184d6adf836adfaea94a2dfb2385,ViV Esport,oe:team:2d9e95ecefb34c32ff1a997ebe372f9,Amumu,Heimerdinger,Wukong,Akali,Syndra,Sylas,2436,1,1,7,7,16,20,0,0,0,0,0,0,0,0,0.3941,0.8867,,,,,,,,,,,,,,,,,,,0,0,,,,,,,,0,0,7717,190.0739,0.0960208,583.1034,559.4335,62,1.5271,9,0.2217,15,128,3.1527,9291,4046,99.6552,0.0789859,9025,,32,32,0,,,0.7882,2200,2806,17,2018,2563,0,182,243,17,0,1,1,0,1,1,3154,3569,22,3076,3760,3,78,-191,19,0,1,2,0,3,1
ESPORTSTMNT06_2754023,complete,,LFL2,2023,Spring,0,2023-01-10 18:15:01,1,13.01,100,Blue,team,,,beGenius ESC,oe:team:607baf04091e515e195644cb08ec21c,,Fiora,Kindred,Sejuani,Nautilus,Leona,2436,0,20,16,44,20,16,2,0,0,0,0,,,,0.4926,0.8867,0,3,4,2,4,0,1,0,0,0,1,,1,0,1,2,0,1,2,1,0,5,11,1,1,6,2,0,3,106526,2623.7931,,2675.7389,3482.3645,119,2.9310,55,1.3547,49,298,7.3399,80627,54402,1339.9507,,74800,0.0223048,,1111,225,,,32.9064,15969,19120,324,16330,18838,346,-361,282,-22,2,2,2,2,3,2,24771,30084,498,24098,29554,532,673,530,-34,4,6,3,3,4,4
ESPORTSTMNT06_2754023,complete,,LFL2,2023,Spring,0,2023-01-10 18:15:01,1,13.01,200,Red,team,,,ViV Esport,oe:team:2d9e95ecefb34c32ff1a997ebe372f9,,Heimerdinger,Wukong,Akali,Syndra,Sylas,2436,1,16,20,28,16,20,1,0,0,0,1,,,,0.3941,0.8867,1,4,3,4,2,0,0,0,0,1,3,,0,1,0,0,2,0,1,2,1,11,5,0,0,2,6,3,0,80368,1979.5074,,3522.3399,4410.9113,119,2.9310,53,1.3054,40,330,8.1281,77449,51224,1261.6749,,73150,-0.0223048,,1102,261,,,33.5714,16330,18838,346,15969,19120,324,361,-282,22,2,3,2,2,2,2,24098,29554,532,24771,30084,498,-673,-530,34,3,4,4,4,6,3
ESPORTSTMNT06_2755035,complete,,LFL2,2023,Spring,0,2023-01-10 19:20:51,1,13.01,1,Blue,top,Maynter,oe:player:63dd174baf11b12006e5dc29c2269a1,Team du Sud,oe:team:1dc6411295a36bd29c29b1096ba859d,Aatrox,Zac,Sylas,Sejuani,Jarvan IV,Ornn,1980,1,7,2,8,20,7,1,1,0,0,0,0,0,1,0.6061,0.8182,,,,,,,,,,,,,,,,,,,0,0,,,,,,,,0,0,14740,446.6667,0.226902,650.1515,756.2727,10,0.3030,5,0.1515,8,30,0.9091,13473,9158,277.5152,0.232654,12600,,242,230,12,,,7.3333,3313,4124,72,3931,5136,73,-618,-1012,-1,1,0,2,2,0,0,4960,6173,106,6127,7007,100,-1167,-834,6,1,0,2,2,0,0
ESPORTSTMNT06_2755035,complete,,LFL2,2023,Spring,0,2023-01-10 19:20:51,1,13.01,2,Blue,jng,Boukada,oe:player:b137ce57a15794ffac86eaeff085326,Team du Sud,oe:team:1dc6411295a36bd29c29b1096ba859d,Wukong,Zac,Sylas,Sejuani,Jarvan IV,Ornn,1980,1,3,2,12,20,7,0,0,0,0,0,0,0,0,0.6061,0.8182,,,,,,,,,,,,,,,,,,,0,1,,,,,,,,0,0,17217,521.7273,0.265032,991.8182,1066.7576,11,0.3333,16,0.4848,10,64,1.9394,11577,7262,220.0606,0.184488,9375,,207,28,179,,,6.2727,2909,2849,61,3476,3479,61,-567,-630,0,0,0,0,0,2,1,4743,5156,100,5318,5496,93,-575,-340,7,1,0,1,0,3,1
ESPORTSTMNT06_2755035,complete,,LFL2,2023,Spring,0,2023-01-10 19:20:51,1,13.01,3,Blue,mid,Phantomles,oe:player:260f4f388d990d8940cfde52de0bda3,Team du Sud,oe:team:1dc6411295a36bd29c29b1096ba859d,Syndra,Zac,Sylas,Sejuani,Jarvan IV,Ornn,1980,1,5,1,8,20,7,1,1,0,0,0,0,0,0,0.6061,0.8182,,,,,,,,,,,,,,,,,,,0,0,,,,,,,,0,0,18038,546.6061,0.27767,218.3636,125.5455,16,0.4848,11,0.3333,6,52,1.5758,14451,10136,307.1515,0.257499,12050,,306,286,20,,,9.2727,3437,4841,98,3028,4509,83,409,332,15,0,0,0,0,0,0,5246,7209,150,5213,7363,137,33,-154,13,0,0,1,1,1,0
ESPORTSTMNT06_2755035,complete,,LFL2,2023,Spring,0,2023-01-10 19:20:51,1,13.01,4,Blue,bot,Matiaslaclasse,oe:player:bff6ec55f2b7078b86cd981a4ea52a2,Team du Sud,oe:team:1dc6411295a36bd29c29b1096ba859d,Varus,Zac,Sylas,Sejuani,Jarvan IV,Ornn,1980,1,3,1,7,20,7,0,0,0,0,0,0,0,0,0.6061,0.8182,,,,,,,,,,,,,,,,,,,0,0,,,,,,,,1,0,11359,344.2121,0.174856,319.8182,183.6970,11,0.3333,9,0.2727,4,44,1.3333,13534,9219,279.3636,0.234204,11150,,319,299,20,,,9.6667,3045,2877,80,3118,3152,82,-73,-275,-2,0,0,0,0,0,0,4892,5625,135,4839,4952,115,53,673,20,0,0,0,1,1,0
ESPORTSTMNT06_2755035,complete,,LFL2,2023,Spring,0,2023-01-10 19:20:51,1,13.01,5,Blue,sup,HONOR,oe:player:fd976f550f84430dc88941effcf786a,Team du Sud,oe:team:1dc6411295a36bd29c29b1096ba859d,Renata Glasc,Zac,Sylas,Sejuani,Jarvan IV,Ornn,1980,1,2,1,13,20,7,0,0,0,0,0,0,0,0,0.6061,0.8182,,,,,,,,,,,,,,,,,,,0,0,,,,,,,,0,0,3608,109.3333,0.0555402,271.4545,286.0606,58,1.7576,9,0.2727,14,102,3.0909,7903,3588,108.7273,0.0911544,6800,,33,33,0,,,1.0000,2090,2369,15,2242,2532,5,-152,-163,10,0,0,0,0,0,0,3104,3260,19,3349,3368,7,-245,-108,12,0,1,0,0,1,1
ESPORTSTMNT06_2755035,complete,,LFL2,2023,Spring,0,2023-01-10 19:20:51,1,13.01,6,Red,top,Sotsy,oe:player:8ee33a7b49463c941b579a317f06ba3,Akroma,oe:team:e05fc2a9f99e906ea564a672d75f839,Camille,Zeri,Nami,Caitlyn,Fiora,Heimerdinger,1980,0,2,3,0,7,20,0,0,0,0,1,1,0,0,0.2121,0.8182,,,,,,,,,,,,,,,,,,,0,0,,,,,,,,0,0,6919,209.6667,0.143572,573.0606,625.4545,11,0.3333,15,0.4545,8,48,1.4545,13014,8699,263.6061,0.271689,13000,,246,242,4,,,7.4545,3931,5136,73,3313,4124,72,618,1012,1,2,0,0,1,0,2,6127,7007,100,4960,6173,106,1167,834,-6,2,0,0,1,0,2
ESPORTSTMNT06_2755035,complete,,LFL2,2023,Spring,0,2023-01-10 19:20:51,1,13.01,7,Red,jng,Woden,oe:player:1967eab585f1569dad0aabb6aeef5e7,Akroma,oe:team:e05fc2a9f99e906ea564a672d75f839,Amumu,Zeri,Nami,Caitlyn,Fiora,Heimerdinger,1980,0,0,6,4,7,20,0,0,0,0,1,0,1,0,0.2121,0.8182,,,,,,,,,,,,,,,,,,,1,0,,,,,,,,0,0,8180,247.8788,0.169738,856.4848,836.4242,14,0.4242,6,0.1818,14,33,1.0000,9917,5602,169.7576,0.174965,9800,,166,19,147,,,5.0303,3476,3479,61,2909,2849,61,567,630,0,0,2,1,0,0,0,5318,5496,93,4743,5156,100,575,340,-7,0,3,1,1,0,1
ESPORTSTMNT06_2755035,complete,,LFL2,2023,Spring,0,2023-01-10 19:20:51,1,13.01,8,Red,mid,Moutarde,oe:player:0bd4c36c88d63f30cbd156b50464590,Akroma,oe:team:e05fc2a9f99e906ea564a672d75f839,Yone,Zeri,Nami,Caitlyn,Fiora,Heimerdinger,1980,0,1,5,3,7,20,0,0,0,0,0,0,0,0,0.2121,0.8182,,,,,,,,,,,,,,,,,,,0,0,,,,,,,,0,0,12462,377.6364,0.258591,657.5758,707.6061,12,0.3636,7,0.2121,4,34,1.0303,11026,6711,203.3636,0.209601,10850,,255,239,16,,,7.7273,3028,4509,83,3437,4841,98,-409,-332,-15,0,0,0,0,0,0,5213,7363,137,5246,7209,150,-33,154,-13,1,1,0,0,0,1
ESPORTSTMNT06_2755035,complete,,LFL2,2023,Spring,0,2023-01-10 19:20:51,1,13.01,9,Red,bot,Bibou,oe:player:46ce91a03ba1ed7fea4e271c5f1721d,Akroma,oe:team:e05fc2a9f99e906ea564a672d75f839,Jhin,Zeri,Nami,Caitlyn,Fiora,Heimerdinger,1980,0,3,2,1,7,20,0,0,0,0,0,0,0,0,0.2121,0.8182,,,,,,,,,,,,,,,,,,,0,0,,,,,,,,0,1,11000,333.3333,0.228254,287.4545,151.9697,15,0.4545,5,0.1515,6,43,1.3030,12165,7850,237.8788,0.245173,12200,,282,278,4,,,8.5455,3118,3152,82,3045,2877,80,73,275,2,0,0,0,0,0,0,4839,4952,115,4892,5625,135,-53,-673,-20,1,1,0,0,0,0
ESPORTSTMNT06_2755035,complete,,LFL2,2023,Spring,0,2023-01-10 19:20:51,1,13.01,10,Red,sup,Benaset,oe:player:e52cd39655258ab5bd6cff89b32ea07,Akroma,oe:team:e05fc2a9f99e906ea564a672d75f839,Karma,Zeri,Nami,Caitlyn,Fiora,Heimerdinger,1980,0,1,4,2,7,20,0,0,0,0,0,0,0,0,0.2121,0.8182,,,,,,,,,,,,,,,,,,,0,0,,,,,,,,0,0,9631,291.8485,0.199846,372.8182,263.1212,51,1.5455,11,0.3333,14,101,3.0606,7471,3156,95.6364,0.0985727,7100,,22,22,0,,,0.6667,2242,2532,5,2090,2369,15,152,163,-10,0,0,0,0,0,0,3349,3368,7,3104,3260,19,245,108,-12,0,1,1,0,1,0
ESPORTSTMNT06_2755035,complete,,LFL2,2023,Spring,0,2023-01-10 19:20:51,1,13.01,100,Blue,team,,,Team du Sud,oe:team:1dc6411295a36bd29c29b1096ba859d,,Zac,Sylas,Sejuani,Jarvan IV,Ornn,1980,1,20,7,48,20,7,2,2,0,0,0,,,,0.6061,0.8182,0,4,1,4,1,1,0,0,0,0,3,,0,0,0,0,2,0,0,1,0,7,4,1,0,3,6,1,0,64962,1968.5455,,2451.6061,2418.3333,106,3.2121,50,1.5152,42,292,8.8485,60938,39364,1192.8485,,51975,-0.0185847,,876,231,,,33.5455,14794,17060,326,15795,18808,304,-1001,-1748,22,1,0,2,2,2,1,22945,27423,510,24846,28186,452,-1901,-763,58,2,1,4,4,6,2
ESPORTSTMNT06_2755035,complete,,LFL2,2023,Spring,0,2023-01-10 19:20:51,1,13.01,200,Red,team,,,Akroma,oe:team:e05fc2a9f99e906ea564a672d75f839,,Zeri,Nami,Caitlyn,Fiora,Heimerdinger,1980,0,7,20,10,7,20,0,0,0,0,1,,,,0.2121,0.8182,1,1,4,1,4,0,0,0,0,1,0,,0,0,1,2,0,1,1,0,1,4,7,0,1,6,3,0,1,48192,1460.3636,,2747.3939,2584.5758,103,3.1212,44,1.3333,46,259,7.8485,53593,32019,970.2727,,52950,0.0185847,,800,171,,,29.4242,15795,18808,304,14794,17060,326,1001,1748,-22,2,2,1,1,0,2,24846,28186,452,22945,27423,510,1901,763,-58,4,6,2,2,1,4
ESPORTSTMNT06_2754033,complete,,LFL2,2023,Spring,0,2023-01-10 20:18:41,1,13.01,1,Blue,top,Deimos,oe:player:c722408a339132fbd6c940cf10325fd,Atletec,oe:team:e0ec1fed6e0949a0aef5f506ccb76ce,Sejuani,Zilean,Rek'Sai,Riven,Senna,Kalista,1887,0,0,3,2,6,14,0,0,0,0,0,0,0,0,0.1908,0.6359,,,,,,,,,,,,,,,,,,,0,0,,,,,,,,0,0,10369,329.6979,0.191848,699.3641,801.3037,12,0.3816,2,0.0636,4,21,0.6677,8927,4802,152.6868,0.183087,9000,,206,206,0,,,6.5501,2925,4574,71,3181,4830,77,-256,-256,-6,0,0,0,0,0,0,4667,7594,123,5172,7444,123,-505,150,0,0,0,0,0,0,0
ESPORTSTMNT06_2754033,complete,,LFL2,2023,Spring,0,2023-01-10 20:18:41,1,13.01,2,Blue,jng,eaRyz,oe:player:a0cff4167fb5c141dd41760bcf18b6d,Atletec,oe:team:e0ec1fed6e0949a0aef5f506ccb76ce,Vi,Zilean,Rek'Sai,Riven,Senna,Kalista,1887,0,2,2,4,6,14,0,0,0,0,0,0,0,0,0.1908,0.6359,,,,,,,,,,,,,,,,,,,0,1,,,,,,,,0,0,8642,274.7854,0.159895,543.4658,920.4769,12,0.3816,8,0.2544,13,46,1.4626,8661,4536,144.2289,0.172945,8375,,135,20,115,,,4.2925,3054,3458,64,2976,2963,56,78,495,8,0,0,0,0,1,0,4681,5032,87,3968,4500,74,713,532,13,1,2,0,0,1,1
ESPORTSTMNT06_2754033,complete,,LFL2,2023,Spring,0,2023-01-10 20:18:41,1,13.01,3,Blue,mid,Artoria,oe:player:6a7d0d4d1d220434081caec2f1a5544,Atletec,oe:team:e0ec1fed6e0949a0aef5f506ccb76ce,Akali,Zilean,Rek'Sai,Riven,Senna,Kalista,1887,0,2,4,1,6,14,0,0,0,0,0,0,0,0,0.1908,0.6359,,,,,,,,,,,,,,,,,,,0,0,,,,,,,,0,1,11768,374.1812,0.217732,736.4706,432.1145,9,0.2862,6,0.1908,7,29,0.9221,10277,6152,195.6121,0.234559,9910,,253,249,4,,,8.0445,3117,4491,86,3095,4790,86,22,-299,0,0,0,0,0,0,0,5203,7113,134,4983,7492,128,220,-379,6,1,1,1,1,0,0
ESPORTSTMNT06_2754033,complete,,LFL2,2023,Spring,0,2023-01-10 20:18:41,1,13.01,4,Blue,bot,Rift,oe:player:1d202482a9e41722b2ec870f2e3b826,Atletec,oe:team:e0ec1fed6e0949a0aef5f506ccb76ce,Twitch,Zilean,Rek'Sai,Riven,Senna,Kalista,1887,0,2,3,3,6,14,0,0,0,0,0,0,0,1,0.1908,0.6359,,,,,,,,,,,,,,,,,,,0,0,,,,,,,,0,0,17986,571.8919,0.332778,471.2560,284.5469,2,0.0636,6,0.1908,0,12,0.3816,12754,8629,274.3720,0.329002,12400,,325,285,40,,,10.3339,3246,3274,87,3504,3180,87,-258,94,0,0,0,1,1,0,0,5394,5493,137,5392,5391,139,2,102,-2,1,1,1,1,1,2
ESPORTSTMNT06_2754033,complete,,LFL2,2023,Spring,0,2023-01-10 20:18:41,1,13.01,5,Blue,sup,Myrtus,oe:player:17c5e8bd59f3ea8c9d902da8d9f52b5,Atletec,oe:team:e0ec1fed6e0949a0aef5f506ccb76ce,Lulu,Zilean,Rek'Sai,Riven,Senna,Kalista,1887,0,0,2,4,6,14,0,0,0,0,0,0,0,0,0.1908,0.6359,,,,,,,,,,,,,,,,,,,0,0,,,,,,,,0,0,5283,167.9809,0.0977464,288.9984,137.2655,37,1.1765,10,0.3180,10,80,2.5437,6234,2109,67.0588,0.0804084,6000,,13,13,0,,,0.4134,2047,2640,2,2130,2437,16,-83,203,-14,0,0,0,0,1,0,3182,4144,6,3108,3769,20,74,375,-14,0,2,0,0,2,0
ESPORTSTMNT06_2754033,complete,,LFL2,2023,Spring,0,2023-01-10 20:18:41,1,13.01,6,Red,top,SLEYER,oe:player:608948b1e78d744bcc11631f6d1d98b,Joblife,oe:team:7380b73561abdd86c2391e9481acd4b,Fiora,Nami,Syndra,Yuumi,Renata Glasc,Caitlyn,1887,1,6,0,3,14,7,1,0,0,0,0,0,0,0,0.4452,0.6359,,,,,,,,,,,,,,,,,,,0,0,,,,,,,,0,0,20810,661.6852,0.311205,685.5326,767.8219,7,0.2226,12,0.3816,3,38,1.2083,15224,11099,352.9094,0.298892,13575,,301,253,48,,,9.5707,3181,4830,77,2925,4574,71,256,256,6,0,0,0,0,0,0,5172,7444,123,4667,7594,123,505,-150,0,0,0,0,0,0,0
ESPORTSTMNT06_2754033,complete,,LFL2,2023,Spring,0,2023-01-10 20:18:41,1,13.01,7,Red,jng,Roi DEMON,oe:player:d1697518f96dbb2a7693adf7eb3d65c,Joblife,oe:team:7380b73561abdd86c2391e9481acd4b,Zac,Nami,Syndra,Yuumi,Renata Glasc,Caitlyn,1887,1,3,2,6,14,7,1,0,0,0,1,0,1,0,0.4452,0.6359,,,,,,,,,,,,,,,,,,,1,0,,,,,,,,0,0,9816,312.1145,0.146794,1016.3116,1181.3990,8,0.2544,6,0.1908,7,39,1.2401,10311,6186,196.6932,0.166586,8575,,160,25,135,,,5.0874,2976,2963,56,3054,3458,64,-78,-495,-8,0,1,0,0,0,0,3968,4500,74,4681,5032,87,-713,-532,-13,0,1,1,1,2,0
ESPORTSTMNT06_2754033,complete,,LFL2,2023,Spring,0,2023-01-10 20:18:41,1,13.01,8,Red,mid,Godzilla,oe:player:f2e3e25e63be9acbb82c1e0ba8eabae,Joblife,oe:team:7380b73561abdd86c2391e9481acd4b,Veigar,Nami,Syndra,Yuumi,Renata Glasc,Caitlyn,1887,1,3,1,6,14,7,0,0,0,0,0,0,0,0,0.4452,0.6359,,,,,,,,,,,,,,,,,,,0,0,,,,,,,,1,0,13863,440.7949,0.207316,284.3243,175.6757,18,0.5723,1,0.0318,8,50,1.5898,12617,8492,270.0159,0.228686,11550,,250,250,0,,,7.9491,3095,4790,86,3117,4491,86,-22,299,0,0,0,0,0,0,0,4983,7492,128,5203,7113,134,-220,379,-6,1,0,0,1,1,1
ESPORTSTMNT06_2754033,complete,,LFL2,2023,Spring,0,2023-01-10 20:18:41,1,13.01,9,Red,bot,Koba,oe:player:de88273be33773a315bd903f2c7d624,Joblife,oe:team:7380b73561abdd86c2391e9481acd4b,Varus,Nami,Syndra,Yuumi,Renata Glasc,Caitlyn,1887,1,2,3,9,14,7,0,0,0,0,1,1,0,0,0.4452,0.6359,,,,,,,,,,,,,,,,,,,0,0,,,,,,,,0,0,18588,591.0334,0.277976,465.6280,246.9952,10,0.3180,4,0.1272,2,30,0.9539,12094,7969,253.3863,0.214601,11645,,255,232,23,,,8.1081,3504,3180,87,3246,3274,87,258,-94,0,1,0,0,0,0,1,5392,5391,139,5394,5493,137,-2,-102,2,1,1,2,1,1,1
ESPORTSTMNT06_2754033,complete,,LFL2,2023,Spring,0,2023-01-10 20:18:41,1,13.01,10,Red,sup,Sorya,oe:player:04122a0a41a45380cadbe32cc9ca826,Joblife,oe:team:7380b73561abdd86c2391e9481acd4b,Taric,Nami,Syndra,Yuumi,Renata Glasc,Caitlyn,1887,1,0,1,12,14,7,0,0,0,0,1,0,1,0,0.4452,0.6359,,,,,,,,,,,,,,,,,,,0,0,,,,,,,,0,0,3792,120.5723,0.0567079,460.6677,462.4165,32,1.0175,10,0.3180,5,75,2.3847,7513,3388,107.7266,0.091236,5725,,43,38,5,,,1.3672,2130,2437,16,2047,2640,2,83,-203,14,0,1,0,0,0,0,3108,3769,20,3182,4144,6,-74,-375,14,0,2,0,0,2,0
ESPORTSTMNT06_2754033,complete,,LFL2,2023,Spring,0,2023-01-10 20:18:41,1,13.01,100,Blue,team,,,Atletec,oe:team:e0ec1fed6e0949a0aef5f506ccb76ce,,Zilean,Rek'Sai,Riven,Senna,Kalista,1887,0,6,14,14,6,14,0,0,0,0,0,,,,0.1908,0.6359,0,0,4,0,4,0,0,0,0,0,0,,0,0,1,1,1,0,0,1,1,1,9,0,0,2,1,0,1,54048,1718.5374,,2739.5548,2575.7075,72,2.2893,32,1.0175,34,188,5.9777,46853,26228,833.9587,,45685,-0.111312,,773,159,,,29.6343,14389,18437,310,14886,18200,322,-497,237,-12,0,0,1,1,2,0,23127,29376,487,22623,28596,484,504,780,3,3,6,2,2,4,3
ESPORTSTMNT06_2754033,complete,,LFL2,2023,Spring,0,2023-01-10 20:18:41,1,13.01,200,Red,team,,,Joblife,oe:team:7380b73561abdd86c2391e9481acd4b,,Nami,Syndra,Yuumi,Renata Glasc,Caitlyn,1887,1,14,7,36,14,7,2,0,0,0,1,,,,0.4452,0.6359,1,4,0,4,0,1,0,1,0,0,2,,0,0,0,1,1,1,1,0,0,9,1,1,1,1,2,1,0,66869,2126.2003,,2912.4642,2834.3084,75,2.3847,33,1.0493,25,232,7.3768,57759,37134,1180.7313,,51070,0.111312,,798,211,,,32.0827,14886,18200,322,14389,18437,310,497,-237,12,1,2,0,0,0,1,22623,28596,484,23127,29376,487,-504,-780,-3,2,4,3,3,6,2
